TestID,TestName,TestDescription,TestLanguage,Image,CreatedBy,LastUpdatedBy
1,Perhe (nomini),Gia đình (danh từ),fi,https://www.pngkey.com/png/full/0-389_family-png.png,Chuong Hoang Dai Hien,Chuong Hoang Dai Hien
2,Koti (nomini),Nhà cửa (danh từ),fi,https://static.vecteezy.com/system/resources/thumbnails/000/262/982/small_2x/cartoon-small-domestic-house.jpg,Chuong Hoang Dai Hien,Chuong Hoang Dai Hien
3,Rouka ja Jouma (nomini),Thức ăn và đồ uống (danh từ),fi,https://cdn.dribbble.com/users/301681/screenshots/2250930/food_app_stickers-01.jpg,Chuong Hoang Dai Hien,Chuong Hoang Dai Hien
4,Aika (nomini),Thời gian (danh từ),fi,https://secure.caes.uga.edu/extension/publications/files/html/C1042/images/mceclip03.jpg,Chuong Hoang Dai Hien,Chuong Hoang Dai Hien
5,Liikennen (nomini),Giao thông (danh từ),fi,https://image.shutterstock.com/image-vector/happy-child-on-car-city-260nw-255456508.jpg,Chuong Hoang Dai Hien,Chuong Hoang Dai Hien
6,Perhe (lauseet),Gia đình (các câu),fi,https://www.pngkey.com/png/full/0-389_family-png.png,Chuong Hoang Dai Hien,Chuong Hoang Dai Hien
7,Koti  (lauseet),Nhà cửa (các câu),fi,https://static.vecteezy.com/system/resources/thumbnails/000/262/982/small_2x/cartoon-small-domestic-house.jpg,Chuong Hoang Dai Hien,Chuong Hoang Dai Hien
8,Ruoka ja juoma  (lauseet),Thức ăn và đồ uống (các câu),fi,https://cdn.dribbble.com/users/301681/screenshots/2250930/food_app_stickers-01.jpg,Chuong Hoang Dai Hien,Chuong Hoang Dai Hien
9,Aika  (lauseet),Thời gian (các câu),fi,https://secure.caes.uga.edu/extension/publications/files/html/C1042/images/mceclip03.jpg,Chuong Hoang Dai Hien,Chuong Hoang Dai Hien
10,Liikenne  (lauseet),Giao thông (các câu),fi,https://image.shutterstock.com/image-vector/happy-child-on-car-city-260nw-255456508.jpg,Chuong Hoang Dai Hien,Chuong Hoang Dai Hien
